mean_Value,var_Value,var_ste_Value,mean_ste_Value
0.2134633744000251,2.1787571997388953,0.09748573916306073,0.046677159293801236
